{"cameraMode":{"drawMode":0,"name":"Shaded","section":"Shading Mode"},"sceneLighting":false,"audioPlay":false,"sceneViewState":{"m_AlwaysRefresh":false,"showFog":true,"showSkybox":false,"showFlares":true,"showImageEffects":true,"showParticleSystems":true,"showVisualEffectGraphs":true,"m_FxEnabled":true},"in2DMode":false,"pivot":{"x":1.191704273223877,"y":-0.016187286004424096,"z":-1.6344842910766602},"rotation":{"x":-0.007499513681977987,"y":-0.00900003220885992,"z":-0.0000674850816722028,"w":0.9999313354492188},"size":0.07975824177265167,"orthographic":true}