{"cameraMode":{"drawMode":0,"name":"Shaded","section":"Shading Mode"},"sceneLighting":false,"audioPlay":false,"sceneViewState":{"m_AlwaysRefresh":false,"showFog":false,"showSkybox":false,"showFlares":false,"showImageEffects":false,"showParticleSystems":false,"showVisualEffectGraphs":true,"m_FxEnabled":true},"in2DMode":false,"pivot":{"x":-0.05309104919433594,"y":1.1515133380889893,"z":-0.17508822679519654},"rotation":{"x":-0.0013905337546020747,"y":0.37463223934173586,"z":0.0005622297176159918,"w":0.9271730184555054},"size":0.5014244914054871,"orthographic":true}