{"cameraMode":{"drawMode":0,"name":"Shaded","section":"Shading Mode"},"sceneLighting":false,"audioPlay":false,"sceneViewState":{"m_AlwaysRefresh":false,"showFog":false,"showSkybox":false,"showFlares":false,"showImageEffects":false,"showParticleSystems":false,"showVisualEffectGraphs":true,"m_FxEnabled":true},"in2DMode":false,"pivot":{"x":-0.2750762701034546,"y":1.1912200450897217,"z":0.3910033702850342},"rotation":{"x":0.014017199166119099,"y":0.6949929594993591,"z":0.013554251752793789,"w":-0.7187541723251343},"size":1.2721480131149293,"orthographic":true}