{"cameraMode":{"drawMode":0,"name":"Shaded","section":"Shading Mode"},"sceneLighting":false,"audioPlay":false,"sceneViewState":{"m_AlwaysRefresh":false,"showFog":true,"showSkybox":false,"showFlares":true,"showImageEffects":true,"showParticleSystems":true,"showVisualEffectGraphs":true,"m_FxEnabled":true},"in2DMode":false,"pivot":{"x":0.3920000195503235,"y":0.4410000443458557,"z":-1.4450864791870118},"rotation":{"x":0.006377078592777252,"y":-0.7060096859931946,"z":0.006351257208734751,"w":0.7081332802772522},"size":0.589728832244873,"orthographic":true}