{"cameraMode":{"drawMode":0,"name":"Shaded","section":"Shading Mode"},"sceneLighting":false,"audioPlay":false,"sceneViewState":{"m_AlwaysRefresh":false,"showFog":false,"showSkybox":false,"showFlares":false,"showImageEffects":false,"showParticleSystems":false,"showVisualEffectGraphs":true,"m_FxEnabled":true},"in2DMode":false,"pivot":{"x":-2.9802322387695315e-8,"y":0.4589124917984009,"z":-0.009198270738124848},"rotation":{"x":0.14181764423847199,"y":0.05254006385803223,"z":-0.007546869572252035,"w":0.9884645342826843},"size":0.5847713351249695,"orthographic":true}