{"cameraMode":{"drawMode":0,"name":"Shaded","section":"Shading Mode"},"sceneLighting":false,"audioPlay":false,"sceneViewState":{"m_AlwaysRefresh":false,"showFog":true,"showSkybox":false,"showFlares":true,"showImageEffects":true,"showParticleSystems":true,"showVisualEffectGraphs":true,"m_FxEnabled":true},"in2DMode":false,"pivot":{"x":-0.8293057084083557,"y":-0.016944173723459245,"z":-1.5194718837738038},"rotation":{"x":0.08447905629873276,"y":0.7329753637313843,"z":-0.6686024069786072,"w":0.0926220566034317},"size":0.058405857533216479,"orthographic":true}