{"cameraMode":{"drawMode":0,"name":"Shaded","section":"Shading Mode"},"sceneLighting":false,"audioPlay":false,"sceneViewState":{"m_AlwaysRefresh":false,"showFog":true,"showSkybox":false,"showFlares":true,"showImageEffects":true,"showParticleSystems":true,"showVisualEffectGraphs":true,"m_FxEnabled":true},"in2DMode":false,"pivot":{"x":1.8427348136901856,"y":-0.04451676458120346,"z":-1.5180082321166993},"rotation":{"x":0.03299032524228096,"y":0.015594473108649254,"z":-0.000522834190633148,"w":0.9993283748626709},"size":0.08493635803461075,"orthographic":true}