{"cameraMode":{"drawMode":0,"name":"Shaded","section":"Shading Mode"},"sceneLighting":false,"audioPlay":false,"sceneViewState":{"m_AlwaysRefresh":false,"showFog":false,"showSkybox":false,"showFlares":false,"showImageEffects":false,"showParticleSystems":false,"showVisualEffectGraphs":true,"m_FxEnabled":true},"in2DMode":false,"pivot":{"x":-0.5260074138641357,"y":0.9942987561225891,"z":-0.9163311123847961},"rotation":{"x":0.007480425760149956,"y":0.9921802282333374,"z":-0.10005248337984085,"w":0.07424619793891907},"size":1.1505064964294434,"orthographic":false}