{"cameraMode":{"drawMode":0,"name":"Shaded","section":"Shading Mode"},"sceneLighting":false,"audioPlay":false,"sceneViewState":{"m_AlwaysRefresh":false,"showFog":false,"showSkybox":false,"showFlares":false,"showImageEffects":false,"showParticleSystems":false,"showVisualEffectGraphs":true,"m_FxEnabled":true},"in2DMode":false,"pivot":{"x":0.09807102382183075,"y":1.1180154085159302,"z":0.5179492235183716},"rotation":{"x":-0.00004456835813471116,"y":0.9997779130935669,"z":-0.02099916897714138,"w":-0.001807906897738576},"size":0.23491458594799043,"orthographic":false}