{"cameraMode":{"drawMode":0,"name":"Shaded","section":"Shading Mode"},"sceneLighting":false,"audioPlay":false,"sceneViewState":{"m_AlwaysRefresh":false,"showFog":false,"showSkybox":false,"showFlares":false,"showImageEffects":false,"showParticleSystems":false,"showVisualEffectGraphs":true,"m_FxEnabled":true},"in2DMode":false,"pivot":{"x":0.23696944117546082,"y":1.3263742923736573,"z":-0.050433218479156497},"rotation":{"x":0.003109810408204794,"y":0.9955993294715881,"z":-0.035858385264873508,"w":0.08652710169553757},"size":0.7408429384231567,"orthographic":false}