{"cameraMode":{"drawMode":0,"name":"Shaded","section":"Shading Mode"},"sceneLighting":false,"audioPlay":false,"sceneViewState":{"m_AlwaysRefresh":false,"showFog":true,"showSkybox":false,"showFlares":true,"showImageEffects":true,"showParticleSystems":true,"showVisualEffectGraphs":true,"m_FxEnabled":true},"in2DMode":false,"pivot":{"x":-0.9645352363586426,"y":0.5812130570411682,"z":1.9837960004806519},"rotation":{"x":-0.023999134078621866,"y":-0.6472551226615906,"z":-0.02039528824388981,"w":0.7616244554519653},"size":0.21595683693885804,"orthographic":true}