{"cameraMode":{"drawMode":0,"name":"Shaded","section":"Shading Mode"},"sceneLighting":false,"audioPlay":false,"sceneViewState":{"m_AlwaysRefresh":false,"showFog":true,"showSkybox":false,"showFlares":true,"showImageEffects":true,"showParticleSystems":true,"showVisualEffectGraphs":true,"m_FxEnabled":true},"in2DMode":false,"pivot":{"x":-0.30277591943740847,"y":0.42500007152557375,"z":-1.640291690826416},"rotation":{"x":0.006377078592777252,"y":-0.7060096859931946,"z":0.006351257208734751,"w":0.7081332802772522},"size":0.6251250505447388,"orthographic":true}