{"cameraMode":{"drawMode":0,"name":"Shaded","section":"Shading Mode"},"sceneLighting":false,"audioPlay":false,"sceneViewState":{"m_AlwaysRefresh":false,"showFog":false,"showSkybox":false,"showFlares":false,"showImageEffects":false,"showParticleSystems":false,"showVisualEffectGraphs":true,"m_FxEnabled":true},"in2DMode":false,"pivot":{"x":0.05598468706011772,"y":0.31535449624061587,"z":0.035808004438877109},"rotation":{"x":-0.0023281455505639316,"y":0.995616614818573,"z":-0.08984861522912979,"w":-0.025700081139802934},"size":0.4649806022644043,"orthographic":true}