{"cameraMode":{"drawMode":0,"name":"Shaded","section":"Shading Mode"},"sceneLighting":false,"audioPlay":false,"sceneViewState":{"m_AlwaysRefresh":false,"showFog":true,"showSkybox":false,"showFlares":true,"showImageEffects":true,"showParticleSystems":true,"showVisualEffectGraphs":true,"m_FxEnabled":true},"in2DMode":false,"pivot":{"x":0.0011237126309424639,"y":0.016482647508382798,"z":-0.0018126566428691149},"rotation":{"x":0.6350355744361877,"y":0.2850188612937927,"z":-0.2724820375442505,"w":0.664279043674469},"size":0.03113657981157303,"orthographic":false}