{"cameraMode":{"drawMode":0,"name":"Shaded","section":"Shading Mode"},"sceneLighting":false,"audioPlay":false,"sceneViewState":{"m_AlwaysRefresh":false,"showFog":false,"showSkybox":false,"showFlares":false,"showImageEffects":false,"showParticleSystems":false,"showVisualEffectGraphs":true,"m_FxEnabled":true},"in2DMode":false,"pivot":{"x":-0.34273219108581545,"y":4.215192794799805,"z":1.1057870388031006},"rotation":{"x":0.00150674011092633,"y":0.9984944462776184,"z":-0.03896082565188408,"w":0.03865635022521019},"size":5.2182087898254398,"orthographic":true}